serial,img_url
88063207,https://tmcms-docs.uspto.gov/cases/88063207/mark/large.png
88208710,https://tmcms-docs.uspto.gov/cases/88208710/mark/large.png
78419677,https://tmcms-docs.uspto.gov/cases/78419677/mark/large.png
85935646,https://tmcms-docs.uspto.gov/cases/85935646/mark/large.png
78646210,https://tmcms-docs.uspto.gov/cases/78646210/mark/large.png
78576400,https://tmcms-docs.uspto.gov/cases/78576400/mark/large.png
75333207,
87957330,https://tmcms-docs.uspto.gov/cases/87957330/mark/large.png
86042419,https://tmcms-docs.uspto.gov/cases/86042419/mark/large.png
86042441,https://tmcms-docs.uspto.gov/cases/86042441/mark/large.png
86637840,https://tmcms-docs.uspto.gov/cases/86637840/mark/large.png
78939922,https://tmcms-docs.uspto.gov/cases/78939922/mark/large.png
87957291,https://tmcms-docs.uspto.gov/cases/87957291/mark/large.png
85470418,https://tmcms-docs.uspto.gov/cases/85470418/mark/large.png
75852786,
75271118,
75852788,
75445382,https://tmcms-docs.uspto.gov/cases/75445382/mark/large.png
74381207,
75445394,
75932413,
75444995,https://tmcms-docs.uspto.gov/cases/75444995/mark/large.png
75444998,
98111867,https://tmcms-docs.uspto.gov/cases/98111867/mark/large.png
98292447,https://tmcms-docs.uspto.gov/cases/98292447/mark/large.png
97392897,https://tmcms-docs.uspto.gov/cases/97392897/mark/large.png
90613466,https://tmcms-docs.uspto.gov/cases/90613466/mark/large.png
90613486,https://tmcms-docs.uspto.gov/cases/90613486/mark/large.png
88854783,https://tmcms-docs.uspto.gov/cases/88854783/mark/large.png
88688167,https://tmcms-docs.uspto.gov/cases/88688167/mark/large.png
88714675,https://tmcms-docs.uspto.gov/cases/88714675/mark/large.png
78606777,https://tmcms-docs.uspto.gov/cases/78606777/mark/large.png
90288063,https://tmcms-docs.uspto.gov/cases/90288063/mark/large.png
77726379,https://tmcms-docs.uspto.gov/cases/77726379/mark/large.png
88036111,https://tmcms-docs.uspto.gov/cases/88036111/mark/large.png
85983931,https://tmcms-docs.uspto.gov/cases/85983931/mark/large.png
85984353,https://tmcms-docs.uspto.gov/cases/85984353/mark/large.png
86013159,https://tmcms-docs.uspto.gov/cases/86013159/mark/large.png
86984588,https://tmcms-docs.uspto.gov/cases/86984588/mark/large.png
86934530,https://tmcms-docs.uspto.gov/cases/86934530/mark/large.png
86740659,https://tmcms-docs.uspto.gov/cases/86740659/mark/large.png
86750219,https://tmcms-docs.uspto.gov/cases/86750219/mark/large.png
90031013,https://tmcms-docs.uspto.gov/cases/90031013/mark/large.png
97282830,https://tmcms-docs.uspto.gov/cases/97282830/mark/large.png
86116967,https://tmcms-docs.uspto.gov/cases/86116967/mark/large.png
88037641,https://tmcms-docs.uspto.gov/cases/88037641/mark/large.png
88136793,https://tmcms-docs.uspto.gov/cases/88136793/mark/large.png
88350551,https://tmcms-docs.uspto.gov/cases/88350551/mark/large.png
88489925,https://tmcms-docs.uspto.gov/cases/88489925/mark/large.png
98584304,https://tmcms-docs.uspto.gov/cases/98584304/mark/large.png
97326799,https://tmcms-docs.uspto.gov/cases/97326799/mark/large.png
97392807,https://tmcms-docs.uspto.gov/cases/97392807/mark/large.png
99173595,https://tmcms-docs.uspto.gov/cases/99173595/mark/large.png
77351937,https://tmcms-docs.uspto.gov/cases/77351937/mark/large.png
88847649,https://tmcms-docs.uspto.gov/cases/88847649/mark/large.png
88944185,https://tmcms-docs.uspto.gov/cases/88944185/mark/large.png
86116958,https://tmcms-docs.uspto.gov/cases/86116958/mark/large.png
87263014,https://tmcms-docs.uspto.gov/cases/87263014/mark/large.png
77101945,https://tmcms-docs.uspto.gov/cases/77101945/mark/large.png
86782563,https://tmcms-docs.uspto.gov/cases/86782563/mark/large.png
86782580,https://tmcms-docs.uspto.gov/cases/86782580/mark/large.png
87705002,https://tmcms-docs.uspto.gov/cases/87705002/mark/large.png
88114996,https://tmcms-docs.uspto.gov/cases/88114996/mark/large.png
88205615,https://tmcms-docs.uspto.gov/cases/88205615/mark/large.png
85030071,https://tmcms-docs.uspto.gov/cases/85030071/mark/large.png
85259940,https://tmcms-docs.uspto.gov/cases/85259940/mark/large.png
87824723,https://tmcms-docs.uspto.gov/cases/87824723/mark/large.png
75445382,https://tmcms-docs.uspto.gov/cases/75445382/mark/large.png
74381207,
75445394,
75932413,
75444995,https://tmcms-docs.uspto.gov/cases/75444995/mark/large.png
75444998,
98111867,https://tmcms-docs.uspto.gov/cases/98111867/mark/large.png
98292447,https://tmcms-docs.uspto.gov/cases/98292447/mark/large.png
97392897,https://tmcms-docs.uspto.gov/cases/97392897/mark/large.png
90613466,https://tmcms-docs.uspto.gov/cases/90613466/mark/large.png
90613486,https://tmcms-docs.uspto.gov/cases/90613486/mark/large.png
88854783,https://tmcms-docs.uspto.gov/cases/88854783/mark/large.png
88688167,https://tmcms-docs.uspto.gov/cases/88688167/mark/large.png
88714675,https://tmcms-docs.uspto.gov/cases/88714675/mark/large.png
78606777,https://tmcms-docs.uspto.gov/cases/78606777/mark/large.png
90288063,https://tmcms-docs.uspto.gov/cases/90288063/mark/large.png
77726379,https://tmcms-docs.uspto.gov/cases/77726379/mark/large.png
88036111,https://tmcms-docs.uspto.gov/cases/88036111/mark/large.png
85983931,https://tmcms-docs.uspto.gov/cases/85983931/mark/large.png
85984353,https://tmcms-docs.uspto.gov/cases/85984353/mark/large.png
86013159,https://tmcms-docs.uspto.gov/cases/86013159/mark/large.png
86984588,https://tmcms-docs.uspto.gov/cases/86984588/mark/large.png
86934530,https://tmcms-docs.uspto.gov/cases/86934530/mark/large.png
86740659,https://tmcms-docs.uspto.gov/cases/86740659/mark/large.png
86750219,https://tmcms-docs.uspto.gov/cases/86750219/mark/large.png
90031013,https://tmcms-docs.uspto.gov/cases/90031013/mark/large.png
97282830,https://tmcms-docs.uspto.gov/cases/97282830/mark/large.png
86116967,https://tmcms-docs.uspto.gov/cases/86116967/mark/large.png
88037641,https://tmcms-docs.uspto.gov/cases/88037641/mark/large.png
88136793,https://tmcms-docs.uspto.gov/cases/88136793/mark/large.png
88350551,https://tmcms-docs.uspto.gov/cases/88350551/mark/large.png
88489925,https://tmcms-docs.uspto.gov/cases/88489925/mark/large.png
98584304,https://tmcms-docs.uspto.gov/cases/98584304/mark/large.png
97326799,https://tmcms-docs.uspto.gov/cases/97326799/mark/large.png
97392807,https://tmcms-docs.uspto.gov/cases/97392807/mark/large.png
99173595,https://tmcms-docs.uspto.gov/cases/99173595/mark/large.png
77351937,https://tmcms-docs.uspto.gov/cases/77351937/mark/large.png
88847649,https://tmcms-docs.uspto.gov/cases/88847649/mark/large.png
88944185,https://tmcms-docs.uspto.gov/cases/88944185/mark/large.png
86116958,https://tmcms-docs.uspto.gov/cases/86116958/mark/large.png
87263014,https://tmcms-docs.uspto.gov/cases/87263014/mark/large.png
77101945,https://tmcms-docs.uspto.gov/cases/77101945/mark/large.png
86782563,https://tmcms-docs.uspto.gov/cases/86782563/mark/large.png
86782580,https://tmcms-docs.uspto.gov/cases/86782580/mark/large.png
87705002,https://tmcms-docs.uspto.gov/cases/87705002/mark/large.png
88114996,https://tmcms-docs.uspto.gov/cases/88114996/mark/large.png
88205615,https://tmcms-docs.uspto.gov/cases/88205615/mark/large.png
85030071,https://tmcms-docs.uspto.gov/cases/85030071/mark/large.png
85259940,https://tmcms-docs.uspto.gov/cases/85259940/mark/large.png
87824723,https://tmcms-docs.uspto.gov/cases/87824723/mark/large.png
